Bulk_Sample,Predicted_Label,Confidence,P_value,Nearest_Neighbors,Neighbor_Labels,Neighbor_Distances,Distance_Weights
JW18DOX221117-1,Interm. Tracheal Cells,0.9999999999999999,1.0,"['ACGTCCTTCACCACAA-1_2-0', 'CTATCTAGTGCGAGTA-1_2-0', 'GTAATGCGTTAAGCAA-1_2-0', 'TGAATCGAGACTCGAG-1_2-0', 'TTGGGATCATCGTGCG-1_2-0', 'CTCAAGATCTTCGCTG-1_2-0']","['Interm. Tracheal Cells', 'Interm. Tracheal Cells', 'Interm. Tracheal Cells', 'Interm. Tracheal Cells', 'Interm. Tracheal Cells', 'Interm. Tracheal Cells']","[13.166631780352972, 13.166631780352972, 13.166631780352972, 13.166631780352972, 13.166631780352972, 13.166631780352972]","[0.16666666666666666, 0.16666666666666666, 0.16666666666666666, 0.16666666666666666, 0.16666666666666666, 0.16666666666666666]"
JW18DOX221117-2,Interm. Tracheal Cells,0.9999999999999999,1.0,"['ACGTCCTTCACCACAA-1_2-0', 'CTATCTAGTGCGAGTA-1_2-0', 'GTAATGCGTTAAGCAA-1_2-0', 'TGAATCGAGACTCGAG-1_2-0', 'TTGGGATCATCGTGCG-1_2-0', 'CTCAAGATCTTCGCTG-1_2-0']","['Interm. Tracheal Cells', 'Interm. Tracheal Cells', 'Interm. Tracheal Cells', 'Interm. Tracheal Cells', 'Interm. Tracheal Cells', 'Interm. Tracheal Cells']","[13.590972873627406, 13.590972873627406, 13.590972873627406, 13.590972873627406, 13.590972873627406, 13.590972873627406]","[0.16666666666666666, 0.16666666666666666, 0.16666666666666666, 0.16666666666666666, 0.16666666666666666, 0.16666666666666666]"
JW18DOX221117-3,Interm. Tracheal Cells,1.0000000000000002,1.0,"['ACGTCCTTCACCACAA-1_2-0', 'CTATCTAGTGCGAGTA-1_2-0', 'GTAATGCGTTAAGCAA-1_2-0', 'TGAATCGAGACTCGAG-1_2-0', 'TTGGGATCATCGTGCG-1_2-0', 'CTCAAGATCTTCGCTG-1_2-0']","['Interm. Tracheal Cells', 'Interm. Tracheal Cells', 'Interm. Tracheal Cells', 'Interm. Tracheal Cells', 'Interm. Tracheal Cells', 'Interm. Tracheal Cells']","[14.258926368434404, 14.258926368434404, 14.258926368434404, 14.258926368434404, 14.258926368434404, 14.258926368434404]","[0.16666666666666669, 0.16666666666666669, 0.16666666666666669, 0.16666666666666669, 0.16666666666666669, 0.16666666666666669]"
JW18DOX221117-4,Interm. Tracheal Cells,1.0000000000000002,1.0,"['ACGTCCTTCACCACAA-1_2-0', 'CTATCTAGTGCGAGTA-1_2-0', 'GTAATGCGTTAAGCAA-1_2-0', 'TGAATCGAGACTCGAG-1_2-0', 'TTGGGATCATCGTGCG-1_2-0', 'CTCAAGATCTTCGCTG-1_2-0']","['Interm. Tracheal Cells', 'Interm. Tracheal Cells', 'Interm. Tracheal Cells', 'Interm. Tracheal Cells', 'Interm. Tracheal Cells', 'Interm. Tracheal Cells']","[13.00017771335029, 13.00017771335029, 13.00017771335029, 13.00017771335029, 13.00017771335029, 13.00017771335029]","[0.16666666666666669, 0.16666666666666669, 0.16666666666666669, 0.16666666666666669, 0.16666666666666669, 0.16666666666666669]"
JW18DOX221117-5,Interm. Tracheal Cells,0.9999999999999999,1.0,"['ACGTCCTTCACCACAA-1_2-0', 'CTATCTAGTGCGAGTA-1_2-0', 'GTAATGCGTTAAGCAA-1_2-0', 'TGAATCGAGACTCGAG-1_2-0', 'TTGGGATCATCGTGCG-1_2-0', 'CTCAAGATCTTCGCTG-1_2-0']","['Interm. Tracheal Cells', 'Interm. Tracheal Cells', 'Interm. Tracheal Cells', 'Interm. Tracheal Cells', 'Interm. Tracheal Cells', 'Interm. Tracheal Cells']","[13.804907256837172, 13.804907256837172, 13.804907256837172, 13.804907256837172, 13.804907256837172, 13.804907256837172]","[0.16666666666666666, 0.16666666666666666, 0.16666666666666666, 0.16666666666666666, 0.16666666666666666, 0.16666666666666666]"
JW18DOX221117-6,Interm. Tracheal Cells,0.9999999999999999,1.0,"['ACGTCCTTCACCACAA-1_2-0', 'CTATCTAGTGCGAGTA-1_2-0', 'GTAATGCGTTAAGCAA-1_2-0', 'TGAATCGAGACTCGAG-1_2-0', 'TTGGGATCATCGTGCG-1_2-0', 'CTCAAGATCTTCGCTG-1_2-0']","['Interm. Tracheal Cells', 'Interm. Tracheal Cells', 'Interm. Tracheal Cells', 'Interm. Tracheal Cells', 'Interm. Tracheal Cells', 'Interm. Tracheal Cells']","[14.011777556865825, 14.011777556865825, 14.011777556865825, 14.011777556865825, 14.011777556865825, 14.011777556865825]","[0.16666666666666666, 0.16666666666666666, 0.16666666666666666, 0.16666666666666666, 0.16666666666666666, 0.16666666666666666]"
JW18wMel221117-1,Interm. Tracheal Cells,0.9999999999999999,1.0,"['ACGTCCTTCACCACAA-1_2-0', 'CTATCTAGTGCGAGTA-1_2-0', 'GTAATGCGTTAAGCAA-1_2-0', 'TGAATCGAGACTCGAG-1_2-0', 'TTGGGATCATCGTGCG-1_2-0', 'CTCAAGATCTTCGCTG-1_2-0']","['Interm. Tracheal Cells', 'Interm. Tracheal Cells', 'Interm. Tracheal Cells', 'Interm. Tracheal Cells', 'Interm. Tracheal Cells', 'Interm. Tracheal Cells']","[20.59571636805462, 20.59571636805462, 20.59571636805462, 20.59571636805462, 20.59571636805462, 20.59571636805462]","[0.16666666666666666, 0.16666666666666666, 0.16666666666666666, 0.16666666666666666, 0.16666666666666666, 0.16666666666666666]"
JW18wMel221117-2,Interm. Tracheal Cells,0.9999999999999998,1.0,"['ACGTCCTTCACCACAA-1_2-0', 'CTATCTAGTGCGAGTA-1_2-0', 'GTAATGCGTTAAGCAA-1_2-0', 'TGAATCGAGACTCGAG-1_2-0', 'TTGGGATCATCGTGCG-1_2-0', 'CTCAAGATCTTCGCTG-1_2-0']","['Interm. Tracheal Cells', 'Interm. Tracheal Cells', 'Interm. Tracheal Cells', 'Interm. Tracheal Cells', 'Interm. Tracheal Cells', 'Interm. Tracheal Cells']","[19.743476468119987, 19.743476468119987, 19.743476468119987, 19.743476468119987, 19.743476468119987, 19.743476468119987]","[0.16666666666666663, 0.16666666666666663, 0.16666666666666663, 0.16666666666666663, 0.16666666666666663, 0.16666666666666663]"
JW18wMel221117-3,Interm. Tracheal Cells,0.9999999999999999,1.0,"['ACGTCCTTCACCACAA-1_2-0', 'CTATCTAGTGCGAGTA-1_2-0', 'GTAATGCGTTAAGCAA-1_2-0', 'TGAATCGAGACTCGAG-1_2-0', 'TTGGGATCATCGTGCG-1_2-0', 'CTCAAGATCTTCGCTG-1_2-0']","['Interm. Tracheal Cells', 'Interm. Tracheal Cells', 'Interm. Tracheal Cells', 'Interm. Tracheal Cells', 'Interm. Tracheal Cells', 'Interm. Tracheal Cells']","[21.165883953673912, 21.165883953673912, 21.165883953673912, 21.165883953673912, 21.165883953673912, 21.165883953673912]","[0.16666666666666666, 0.16666666666666666, 0.16666666666666666, 0.16666666666666666, 0.16666666666666666, 0.16666666666666666]"
JW18wMel221117-4,Interm. Tracheal Cells,0.9999999999999999,1.0,"['ACGTCCTTCACCACAA-1_2-0', 'CTATCTAGTGCGAGTA-1_2-0', 'GTAATGCGTTAAGCAA-1_2-0', 'TGAATCGAGACTCGAG-1_2-0', 'TTGGGATCATCGTGCG-1_2-0', 'CTCAAGATCTTCGCTG-1_2-0']","['Interm. Tracheal Cells', 'Interm. Tracheal Cells', 'Interm. Tracheal Cells', 'Interm. Tracheal Cells', 'Interm. Tracheal Cells', 'Interm. Tracheal Cells']","[20.716588169471525, 20.716588169471525, 20.716588169471525, 20.716588169471525, 20.716588169471525, 20.716588169471525]","[0.16666666666666666, 0.16666666666666666, 0.16666666666666666, 0.16666666666666666, 0.16666666666666666, 0.16666666666666666]"
JW18wMel221117-5,Interm. Tracheal Cells,1.0000000000000002,1.0,"['ACGTCCTTCACCACAA-1_2-0', 'CTATCTAGTGCGAGTA-1_2-0', 'GTAATGCGTTAAGCAA-1_2-0', 'TGAATCGAGACTCGAG-1_2-0', 'TTGGGATCATCGTGCG-1_2-0', 'CTCAAGATCTTCGCTG-1_2-0']","['Interm. Tracheal Cells', 'Interm. Tracheal Cells', 'Interm. Tracheal Cells', 'Interm. Tracheal Cells', 'Interm. Tracheal Cells', 'Interm. Tracheal Cells']","[19.782359997744138, 19.782359997744138, 19.782359997744138, 19.782359997744138, 19.782359997744138, 19.782359997744138]","[0.16666666666666669, 0.16666666666666669, 0.16666666666666669, 0.16666666666666669, 0.16666666666666669, 0.16666666666666669]"
JW18wMel221117-6,Interm. Tracheal Cells,1.0000000000000002,1.0,"['ACGTCCTTCACCACAA-1_2-0', 'CTATCTAGTGCGAGTA-1_2-0', 'GTAATGCGTTAAGCAA-1_2-0', 'TGAATCGAGACTCGAG-1_2-0', 'TTGGGATCATCGTGCG-1_2-0', 'CTCAAGATCTTCGCTG-1_2-0']","['Interm. Tracheal Cells', 'Interm. Tracheal Cells', 'Interm. Tracheal Cells', 'Interm. Tracheal Cells', 'Interm. Tracheal Cells', 'Interm. Tracheal Cells']","[20.12757387166592, 20.12757387166592, 20.12757387166592, 20.12757387166592, 20.12757387166592, 20.12757387166592]","[0.16666666666666669, 0.16666666666666669, 0.16666666666666669, 0.16666666666666669, 0.16666666666666669, 0.16666666666666669]"
S2DOX221117-1,Interm. Tracheal Cells,1.0000000000000002,1.0,"['ACGTCCTTCACCACAA-1_2-0', 'CTATCTAGTGCGAGTA-1_2-0', 'GTAATGCGTTAAGCAA-1_2-0', 'TGAATCGAGACTCGAG-1_2-0', 'TTGGGATCATCGTGCG-1_2-0', 'CTCAAGATCTTCGCTG-1_2-0']","['Interm. Tracheal Cells', 'Interm. Tracheal Cells', 'Interm. Tracheal Cells', 'Interm. Tracheal Cells', 'Interm. Tracheal Cells', 'Interm. Tracheal Cells']","[21.42208420739236, 21.42208420739236, 21.42208420739236, 21.42208420739236, 21.42208420739236, 21.42208420739236]","[0.16666666666666669, 0.16666666666666669, 0.16666666666666669, 0.16666666666666669, 0.16666666666666669, 0.16666666666666669]"
S2DOX221117-2,Interm. Tracheal Cells,0.9999999999999999,1.0,"['ACGTCCTTCACCACAA-1_2-0', 'CTATCTAGTGCGAGTA-1_2-0', 'GTAATGCGTTAAGCAA-1_2-0', 'TGAATCGAGACTCGAG-1_2-0', 'TTGGGATCATCGTGCG-1_2-0', 'CTCAAGATCTTCGCTG-1_2-0']","['Interm. Tracheal Cells', 'Interm. Tracheal Cells', 'Interm. Tracheal Cells', 'Interm. Tracheal Cells', 'Interm. Tracheal Cells', 'Interm. Tracheal Cells']","[22.154714754520057, 22.154714754520057, 22.154714754520057, 22.154714754520057, 22.154714754520057, 22.154714754520057]","[0.16666666666666666, 0.16666666666666666, 0.16666666666666666, 0.16666666666666666, 0.16666666666666666, 0.16666666666666666]"
S2DOX221117-3,Interm. Tracheal Cells,1.0000000000000002,1.0,"['ACGTCCTTCACCACAA-1_2-0', 'CTATCTAGTGCGAGTA-1_2-0', 'GTAATGCGTTAAGCAA-1_2-0', 'TGAATCGAGACTCGAG-1_2-0', 'TTGGGATCATCGTGCG-1_2-0', 'CTCAAGATCTTCGCTG-1_2-0']","['Interm. Tracheal Cells', 'Interm. Tracheal Cells', 'Interm. Tracheal Cells', 'Interm. Tracheal Cells', 'Interm. Tracheal Cells', 'Interm. Tracheal Cells']","[21.757534970435195, 21.757534970435195, 21.757534970435195, 21.757534970435195, 21.757534970435195, 21.757534970435195]","[0.16666666666666669, 0.16666666666666669, 0.16666666666666669, 0.16666666666666669, 0.16666666666666669, 0.16666666666666669]"
S2DOX221117-4,Interm. Tracheal Cells,0.9999999999999999,1.0,"['ACGTCCTTCACCACAA-1_2-0', 'CTATCTAGTGCGAGTA-1_2-0', 'GTAATGCGTTAAGCAA-1_2-0', 'TGAATCGAGACTCGAG-1_2-0', 'TTGGGATCATCGTGCG-1_2-0', 'CTCAAGATCTTCGCTG-1_2-0']","['Interm. Tracheal Cells', 'Interm. Tracheal Cells', 'Interm. Tracheal Cells', 'Interm. Tracheal Cells', 'Interm. Tracheal Cells', 'Interm. Tracheal Cells']","[20.637753636238724, 20.637753636238724, 20.637753636238724, 20.637753636238724, 20.637753636238724, 20.637753636238724]","[0.16666666666666666, 0.16666666666666666, 0.16666666666666666, 0.16666666666666666, 0.16666666666666666, 0.16666666666666666]"
S2DOX221117-5,Interm. Tracheal Cells,1.0000000000000002,1.0,"['ACGTCCTTCACCACAA-1_2-0', 'CTATCTAGTGCGAGTA-1_2-0', 'GTAATGCGTTAAGCAA-1_2-0', 'TGAATCGAGACTCGAG-1_2-0', 'TTGGGATCATCGTGCG-1_2-0', 'CTCAAGATCTTCGCTG-1_2-0']","['Interm. Tracheal Cells', 'Interm. Tracheal Cells', 'Interm. Tracheal Cells', 'Interm. Tracheal Cells', 'Interm. Tracheal Cells', 'Interm. Tracheal Cells']","[21.058634698588342, 21.058634698588342, 21.058634698588342, 21.058634698588342, 21.058634698588342, 21.058634698588342]","[0.16666666666666669, 0.16666666666666669, 0.16666666666666669, 0.16666666666666669, 0.16666666666666669, 0.16666666666666669]"
S2DOX221117-6,Interm. Tracheal Cells,1.0000000000000002,1.0,"['ACGTCCTTCACCACAA-1_2-0', 'CTATCTAGTGCGAGTA-1_2-0', 'GTAATGCGTTAAGCAA-1_2-0', 'TGAATCGAGACTCGAG-1_2-0', 'TTGGGATCATCGTGCG-1_2-0', 'CTCAAGATCTTCGCTG-1_2-0']","['Interm. Tracheal Cells', 'Interm. Tracheal Cells', 'Interm. Tracheal Cells', 'Interm. Tracheal Cells', 'Interm. Tracheal Cells', 'Interm. Tracheal Cells']","[20.38583712939367, 20.38583712939367, 20.38583712939367, 20.38583712939367, 20.38583712939367, 20.38583712939367]","[0.16666666666666669, 0.16666666666666669, 0.16666666666666669, 0.16666666666666669, 0.16666666666666669, 0.16666666666666669]"
S2wMel221117-1,Interm. Tracheal Cells,0.9999999999999999,1.0,"['ACGTCCTTCACCACAA-1_2-0', 'CTATCTAGTGCGAGTA-1_2-0', 'GTAATGCGTTAAGCAA-1_2-0', 'TGAATCGAGACTCGAG-1_2-0', 'TTGGGATCATCGTGCG-1_2-0', 'CTCAAGATCTTCGCTG-1_2-0']","['Interm. Tracheal Cells', 'Interm. Tracheal Cells', 'Interm. Tracheal Cells', 'Interm. Tracheal Cells', 'Interm. Tracheal Cells', 'Interm. Tracheal Cells']","[25.65525829499924, 25.65525829499924, 25.65525829499924, 25.65525829499924, 25.65525829499924, 25.65525829499924]","[0.16666666666666666, 0.16666666666666666, 0.16666666666666666, 0.16666666666666666, 0.16666666666666666, 0.16666666666666666]"
S2wMel221117-2,Interm. Tracheal Cells,1.0000000000000002,1.0,"['ACGTCCTTCACCACAA-1_2-0', 'CTATCTAGTGCGAGTA-1_2-0', 'GTAATGCGTTAAGCAA-1_2-0', 'TGAATCGAGACTCGAG-1_2-0', 'TTGGGATCATCGTGCG-1_2-0', 'CTCAAGATCTTCGCTG-1_2-0']","['Interm. Tracheal Cells', 'Interm. Tracheal Cells', 'Interm. Tracheal Cells', 'Interm. Tracheal Cells', 'Interm. Tracheal Cells', 'Interm. Tracheal Cells']","[24.75091337358357, 24.75091337358357, 24.75091337358357, 24.75091337358357, 24.75091337358357, 24.75091337358357]","[0.16666666666666669, 0.16666666666666669, 0.16666666666666669, 0.16666666666666669, 0.16666666666666669, 0.16666666666666669]"
S2wMel221117-3,Interm. Tracheal Cells,0.9999999999999999,1.0,"['ACGTCCTTCACCACAA-1_2-0', 'CTATCTAGTGCGAGTA-1_2-0', 'GTAATGCGTTAAGCAA-1_2-0', 'TGAATCGAGACTCGAG-1_2-0', 'TTGGGATCATCGTGCG-1_2-0', 'CTCAAGATCTTCGCTG-1_2-0']","['Interm. Tracheal Cells', 'Interm. Tracheal Cells', 'Interm. Tracheal Cells', 'Interm. Tracheal Cells', 'Interm. Tracheal Cells', 'Interm. Tracheal Cells']","[24.944066968171118, 24.944066968171118, 24.944066968171118, 24.944066968171118, 24.944066968171118, 24.944066968171118]","[0.16666666666666666, 0.16666666666666666, 0.16666666666666666, 0.16666666666666666, 0.16666666666666666, 0.16666666666666666]"
S2wMel221117-4,Interm. Tracheal Cells,0.9999999999999999,1.0,"['ACGTCCTTCACCACAA-1_2-0', 'CTATCTAGTGCGAGTA-1_2-0', 'GTAATGCGTTAAGCAA-1_2-0', 'TGAATCGAGACTCGAG-1_2-0', 'TTGGGATCATCGTGCG-1_2-0', 'CTCAAGATCTTCGCTG-1_2-0']","['Interm. Tracheal Cells', 'Interm. Tracheal Cells', 'Interm. Tracheal Cells', 'Interm. Tracheal Cells', 'Interm. Tracheal Cells', 'Interm. Tracheal Cells']","[25.334902700157812, 25.334902700157812, 25.334902700157812, 25.334902700157812, 25.334902700157812, 25.334902700157812]","[0.16666666666666666, 0.16666666666666666, 0.16666666666666666, 0.16666666666666666, 0.16666666666666666, 0.16666666666666666]"
S2wMel221117-5,Interm. Tracheal Cells,0.9999999999999999,1.0,"['ACGTCCTTCACCACAA-1_2-0', 'CTATCTAGTGCGAGTA-1_2-0', 'GTAATGCGTTAAGCAA-1_2-0', 'TGAATCGAGACTCGAG-1_2-0', 'TTGGGATCATCGTGCG-1_2-0', 'CTCAAGATCTTCGCTG-1_2-0']","['Interm. Tracheal Cells', 'Interm. Tracheal Cells', 'Interm. Tracheal Cells', 'Interm. Tracheal Cells', 'Interm. Tracheal Cells', 'Interm. Tracheal Cells']","[26.194186016720554, 26.194186016720554, 26.194186016720554, 26.194186016720554, 26.194186016720554, 26.194186016720554]","[0.16666666666666666, 0.16666666666666666, 0.16666666666666666, 0.16666666666666666, 0.16666666666666666, 0.16666666666666666]"
S2wMel221117-6,Interm. Tracheal Cells,0.9999999999999999,1.0,"['ACGTCCTTCACCACAA-1_2-0', 'CTATCTAGTGCGAGTA-1_2-0', 'GTAATGCGTTAAGCAA-1_2-0', 'TGAATCGAGACTCGAG-1_2-0', 'TTGGGATCATCGTGCG-1_2-0', 'CTCAAGATCTTCGCTG-1_2-0']","['Interm. Tracheal Cells', 'Interm. Tracheal Cells', 'Interm. Tracheal Cells', 'Interm. Tracheal Cells', 'Interm. Tracheal Cells', 'Interm. Tracheal Cells']","[25.77811288238365, 25.77811288238365, 25.77811288238365, 25.77811288238365, 25.77811288238365, 25.77811288238365]","[0.16666666666666666, 0.16666666666666666, 0.16666666666666666, 0.16666666666666666, 0.16666666666666666, 0.16666666666666666]"
